Docker: Wireguard para Raspberry| Ubuntu| Debian|...,docker-wireguard-para-raspberry-ubuntu-debian--,Ya hemos visto como instalar  Wireguard con los paquetes disponibles en la distro o añadiendo el repositorio del desarrollador. También os expliqué como crear el archivo de configuración del,2020-10-19,vpn,wireguard,terminal,servidor,raspberry,ubuntu,,,,,,,./images-blog/wireguard.png
Buscar texto en un directorio| archivo|... con grep y find,buscar-texto-en-un-directorio-archivo---con-grep-y-find,Grep y find vienen instaladas por defecto en todas las distros y tienen un potencial increíble.,2020-10-14,bash,terminal,,,,,,,,,,14:30,./images-blog/bash.png
duf. Visualizando el almacenamiento,duf-visualizando-el-almacenamiento,Normalmente para ver el tamaño de mis unidades de almacenamiento| utilizo =du -h.= Si quiero conocer el tamaño de un directorio| me situo dentro del mismo y hago un =du,2020-10-10,bash,tesrminal,,,,,,,,,,07:45,./images-blog/bash.png
Montar un usb| tarjeta SD| disco duro o SSD formateado en EXT4| FAT32 o NTFS| en un directorio con Linux,:export_file_name:,Vamos a ver los comandos para montar un usb| SD| disco duro o SSD| en un directorio desde la terminal.,2020-10-07,bash,sd,ssd,usb,,,,,,,,08:15,./images-blog/sd.png
Crear enlaces simbólicos a otros directorios o archivos,crear-enlaces-simbolicos-a-otros-directorios-o-archivos,Un enlace simbólico| sería algo similar a crear un acceso directo de un directorio o archivo| a otro dentro en un mismo dispositivo.,2020-10-05,bash,zsh,,,,,,,,,,07:30,./images-blog/bash.png
Croc| la aplicación que nos permite enviar o compartir archivos| directorios| texto... a cualquier dispositivo esté donde esté de un modo fácil con la terminal,croc-la-aplicacion-que-nos-permite-enviar-o-compartir-archivos-directorios-texto--a-cualquier-dispositivo-este-donde-este-de-un-modo-facil-con-la-terminal,Croc una herramienta que permite transferir archivos|directorios y texto| de forma sencilla y segura| entre dos PC's| servidores| etc....,2020-09-20,sincronización,sync,go,,,,,,,,,22:10,./images-blog/croc.png
Navidrome. La alternativa a Airsonic desarrollada en Go,navidrome-la-alternativa-a-airsonic-desarrollada-en-go,Navidrome es un servidor de música en streaming de código abierto basado en un servidor web. Da la libertad de escuchar tu colección de música desde cualquier navegador o dispositivo,2020-09-16,subsonic,servidor,música,,,,,,,,,17:30,./images-blog/navidrome.png
Visualizar aparte una Cabecera de un OrgMode en Emacs,visualizar-aparte-una-cabecera-de-un-orgmode-en-emacs,Hay momentos| al menos a mi me pasa| de todas las notas que voy registrando en mi orgmode| quiero exporta una ya sea en formato txt| pdf| markdown|...,2020-09-03,emacs,orgmode,,,,,,,,,,18:45,./images-blog/orgmode.png
Kanboard,kanboard,Kanboard es un servicio que nos permite gestionar nuestras tareas siguiendo el método Kanban.,2020-08-26,docker,kanban,,,,,,,,,,17:30,./images-blog/kanboard.png
Saltando de un directorio a otro con Jump,saltando-de-un-directorio-a-otro-con-jump,Después de escuchar el Podcast de Lorenzo| atareao.es| he decidido probar este complemento para la terminal que hacía mucho tiempo que estaba buscando y no sabía que existía.,2020-08-24,bash,terminal,,,,,,,,,,17:30,./images-blog/jump.svg
gossa. Servidor ligero de archivos| multimedia| desarrollado en Go,gossa-servidor-ligero-de-archivos-multimedia-desarrollado-en-go,Un nuevo servicio en Go. Gossa es un servidor web rápido y simple para ver archivos| sin dependencia y con menos de 200 líneas de código| de modo que es,2020-08-21,servicios,go,,,,,,,,,,17:30,./images-blog/gossa.png
Jellycon. La mejor experiencia de Jellyfin en Kodi,jellycon-la-mejor-experiencia-de-jellyfin-en-kodi,JellyCon es un complemento ligero de Kodi que te permite navegar y reproducir archivos multimedia desde su servidor Jellyfin directamente dentro de la interfaz de Kodi.,2020-08-19,jellyfin,kodi,,,,,,,,,,17:30,./images-blog/jellycon.png
Instalar última versión de Go en Raspberry| ARM o amd64,instalar-ultima-version-de-go-en-raspberry-arm-o-amd64,Cada vez utilizo más aplicaciones en Go y aunque en las últimas versiones de Debian| Ubuntu| Raspbian|... viene en los repositorios oficiales| no disponemos de la última versión.,2020-08-17,go,arm,amd64,,,,,,,,,17:30,./images-blog/go.png
Compilar i3wm para Debian| Ubuntu y otras derivadas,compilar-i3wm-para-debian-ubuntu-y-otras-derivadas,Si utilizas Debian o versiones antiguas de Ubuntu| en los repositorios no está disponible la última versión i3wm.,2020-08-16,i3wm,debian,ubuntu,,,,,,,,,17:25,./images-blog/i3wm.png
Suscribirte al RSS de canales de YouTube,suscribirte-al-rss-de-canales-de-youtube,No acostumbro a utilizar la aplicación de YouTube| en cambio| FreshRSS la utilizo a diario. Para seguir los Canales de YouTube que más me interesan| me gustaría suscribirme al RSS|,2020-08-15,rss,youtube,,,,,,,,,,14:00,./images-blog/youtube.png
Procesos que consumen más CPU y RAM en Linux,procesos-que-consumen-mas-cpu-y-ram-en-linux,Hoy el script que tengo ejecutando en mi Raspberry| para comprobar la temperatura| me ha enviado un mensaje de alta temperatura,2020-08-14,bash,ram,cpu,zsh,,,,,,,,20:45,./images-blog/bash.png
Compilar Emacs 27.1 para Ubuntu| Debian| Raspbian y derivadas,compilando-emacs-27-ubuntu-debian-raspbian,En el Artículo anterior compilamos Nano y ahora toca el turno de Emacs. Los que utilizamos Debian| Ubuntu| Raspbian... tenemos el problema que en los repositorios oficiales| no encontramos nunca,2020-08-12,emacs,bash,zsh,compilar,,,,,,,,22:10,./images-blog/emacs.png
FileRun. Utilizando tu hora local,filerun-utilizando-tu-hora-local,Por defecto| FileRun no lleva la hora local del lugar donde estás situado. Vamos a crear un archivo *config.php*| para que coincida la hora de sincronización o modificación de archivos,2020-07-07,filerun,nube,nextcloud,,,,,,,,,13:15,./images-blog/filerun.png
FileRun. Cambiando el idioma por defecto,filerun-cambiando-el-idioma-por-defecto,Por defecto| el docker de FileRun viene en inglés| pero si deseas cambiarlo a castellano o cualquier otro idioma| puedes hacerlo gracias a las traducciones disponibles en [[https://github.com/filerun/translations][uno de los,2020-07-06,filerun,nube,,,,,,,,,,17:55,./images-blog/filerun.png
Listar paquetes instalados y hacer un poco de limpieza,listar-paquetes-instalados-y-hacer-un-poco-de-limpieza,Ha llegado el momento de hacer limpieza. Vamos a listar todos los paquetes que hay instalados en nuestra distro y desinstalar aquellos que ya no utilizamos.,2020-07-02,paquetes,apt,,,,,,,,,,22:02,./images-blog/bash.png
FileRun. Un Nextcloud-Owncloud más ligero para almacenar tus archivos,filerun-un-nextcloud-owncloud-mas-ligero-para-almacenar-tus-archivos,Lo que apareció como un enlace más| casi sin importancia en el grupo de uGeek en Telegram| enlace publicado por José Jiménez| se va a convertir en uno de mis,2020-07-02,nube,nextcloud,owncloud,,,,,,,,,20:30,./images-blog/filerun.png
Informacion de tu sistema| pc| servidor|... con neofetch,informacion-de-tu-sistema-pc-servidor-con-neofetch,Neofetch es una aplicación para terminal desarrollada en bash| que muestra información del sistema| pc| servidor| etc...,2020-06-30,bash,informacion,,,,,,,,,,19:50,./images-blog/neofetch.png
Cliente de escritorio para editar archivos de una nube privada (WebDav| Nextcloud|...) o pública (Drive| Dropbox| OneDrive...) con rclone,cliente-de-escritorio-para-editar-archivos-de-una-nube-privada-(webdav-nextcloud--)-o-publica-(drive-dropbox-onedrive--)-con-rclone,Muchos me habéis preguntado como edito con emacs mis archivos orgmode que tengo en mi nube webdav| así como mi archivo todo.txt.,2020-06-22,rclone,webdav,nextcloud,dropbox,nube,ssh,,,,,,20:15,./images-blog/rclone.png
Habilitar el modo-org en Emacs| cuando abras un archivo txt o markdown,habilitar-el-modo-org-en-emacs-cuando-abras-un-archivo-txt-o-markdown,Es posible que te interese el habilitar el modo org cuando abras un archivos .txt o markdown.,2020-06-16,emacs,joplin,simplenote,,,,,,,,,22:22,./images-blog/emacs.png
Joplin Desktop| Joplin para Terminal y WebClipper,joplin-desktop-joplin-para-terminal-y-webclipper,Joplin junto al orgmode| se está convirtiendo en una aplicación imprescindible para mi. Me permite tener sincronizadas mis notas en todos mis dispositivos| gracias a mi servidor webdav.,2020-06-13,joplin,notas,terminal,,,,,,,,,17:30,./images-blog/joplin.png
Sincronización con Rclone via SSH y SFTP,sincronizacion-con-rclone-via-ssh-sftp,Estamos acostumbrados a conectarnos nubes públicas y privadas con rclone. Hoy vamos a conectarnos a un VPS o servidor remoto via SSH con SFTP.,2020-06-08,rclone,ssh,,,,,,,,,,19:30,./images-blog/rclone.png
Instalar Node.js 12. Versión estable,instalar-node-js-12-version-estable,Necesitaba actualizar Node.js a partir de la versión 10 para poder utilizar joplin-cli.,2020-06-07,node,joplin,,,,,,,,,,17:50,./images-blog/node.png
Instalando docker-compose,instalando-docker-compose,Docker-compose está en los repositorios oficiales de muchas distros| pero casi con toda seguridad| la versión que encontraremos en esta no será última y esto| dependiendo de la versión de,2020-06-04,docker,docker-compose,,,,,,,,,,18:15,./images-blog/docker.png
Mumble. El docker del servidor de VoIP de Software Libre.,mumble-el-docker-del-servidor-de-voip-de-software-libre,No es la primera vez que os hablo de Mumble. Hace unos 9 meses cree una imagen para docker con la intención de instalar rápido sin problemas el servicio para,2020-06-01,docker,voip,,,,,,,,,,20:05,./images-blog/mumble.png
Copiar directorios o archivos de un Docker a Local o viceversa,copiar-directorios-o-archivos-de-un-docker-a-local-o-viceversa,:DESCRIPTION:,2020-05-27,docker,servidor,,,,,,,,,,19:45,./images-blog/docker.png
FreshRSS. Mi servidor de RSS,freshrss-mi-servidor-de-rss,Hace algo más de tres años| [[Bon dia Nuria][os hablé en el podcast de mi experiencia con Freshrss]]. Entonces| no había una buena aplicación para Android. Hoy eso ha cambiado.,2020-05-25,rss,feed,,,,,,,,,,17:30,./images-blog/freshrss.png
Backup de tu Shaarli,backup-de-tu-shaarli,Para hacer un backup de los enlaces que tenemos en shaarli| es muy sencillo.,2020-05-24,docker,shaarli,rss,feed,,,,,,,,18:25,./images-blog/shaarli.png
screen. Comandos básicos,2020-05-23-screen-comandos-basicos,Screen nos permite tener múltiples terminales abiertas en una sesión o llevar a segundo plano un proceso inacabado| que cerrando la terminal| se detendría.,2020-05-23,bash,screen,,,,,,,,,,17:30,./images-blog/bash.png
Gestionando mis tareas en la terminal con topydo,gestionando-mis-tareas-en-la-terminal-con-topydo,Si te gusta el todo.txt y utilizas la terminal| topydo es tu aplicación. Topydo| como su nombre indica| es una aplicación desarrollada en python para gestionar o añadir tareas utilizando el método todo.txt| que mejora la experiencia respecto al script original todotxt-cli de Gina Trapani,2020-05-22,todo.txt,tareas,terminal,,,,,,,,,18:15,./images-blog/topydo.png
ZRAM. Doblando la RAM y no utilizando - quemando la SD de mi Raspberry,zram-ampliando-la-ram-y-no-utilizando--quemando-la-sd-de-mi-raspberry,Este método no solo sirve para la Raspberry| pero es ideal para ella| ya que en el caso de mi Raspberry 3| solo tiene 1Gb de RAM y para la,2020-05-09,raspberry,ram,,,,,,,,,,20:10,./images-blog/ram.png
Servidor de ebooks en Ubuntu| Debian| Raspbian|... con Calibre,servidor-de-ebooks-con-calibre,Tener un servidor de ebooks en nuestro servidor| Raspberry|... es súper fácil. Además| teniendo en cuenta que calibre consume muchos recursos| esta versión la verdad es que está bastante bien,2020-05-07,libros,raspberry,servidor,,,,,,,,,18:42,./images-blog/calibre.png
Gonic. El mejor y más ligero servidor de música con api Subsonic,gonic-el-mejor-y-mas-ligero-servidor-de-musica-con-api-subsonic,El desarrollador [[https://github.com/sentriz][Senan Kelly]]| ha creado Gonic| un servidor ultra rápido y ligero (En mi Raspberry Pi consume solo 17-19 Mb de ram) que mejora todavía más la experiencia en,2020-05-06,subsonic,música,raspberry,,,,,,,,,20:51,./images-blog/gonic.png
Instalar Ubuntu 20.04 en una Raspberry o Servidor ARM y Que hacer después de instalarlo,instalar-ubuntu-20-04-en-una-raspberry-o-servidor-arm-y-que-hacer-despues-de-instalarlo,Ubuntu da un golpe de efecto y sorprende no solo para escritorio con su versión 20.04| sino que también con la versión ARM y para Raspberry.,2020-04-26,ubuntu,raspberry,server,,,,,,,,,18:15,./images-blog/ubuntu.png
Creando una página web de tu proyecto en GitHub,creando-una-pagina-web-de-tu-proyecto-en-github,Si tienes un repositorio en GitHub y quieres crear una web relacionada con este proyecto para mostrar toda la información| gracias a las GitHub Pages lo tienes super fácil.,2020-04-15,github,web,,,,,,,,,,16:12,./images-blog/githubpages.png
Zerotier. Funcionamiento e instalación por docker o repositorios,zerotier-funcionamiento-e-instalacion-por-docker-o-repositorios,Me gusta tener todos mis servicios instalados en mi máquina| pero hay cosas que de momento no pueden ser. Este es el ejemplo de *ZeroTier*| un servicio que he escuchado,2020-04-09,docker,vpn,raspberry,servidor,,,,,,,,17:00,./images-blog/zerotier.png
Varias cuentas de telegram en un mismo PC,varias-cuentas-de-telegram-en-un-mismo-pc,Telegram ha añadido la clasificación por carpetas en Telegram Desktop| para poder clasificar todos aquellos canales y grupos que tenemos por categorías| pero de momento| no tenemos disponible la multicuenta|,2020-04-08,telegram,ubuntu,,,,,,,,,,17:00,./images-blog/telegram.jpg
El htop 2.0 desarrollado en bash. bashtop,el-htop-2-0-desarrollado-en-bash-bashtop,Bashtop es un proyecto con licencia Apache 2.0 desarrollado por [[https://github.com/aristocratos][aristocratos]]| que nos permite acceder a toda la información de nuestra cpu| memoria| almacenamiento| red| procesos... de nuestro pc| servidor|...,2020-04-07,bash,zsh,,,,,,,,,,17:00,./images-blog/bashtop.png
Instalar Brave en Ubuntu| Debian| Linux Mint,instalar-brave-en-ubuntu-debian-linux-mint,Brave es el navegador de moda| un navegador web de código abierto basado en Chromium| creado por por el cofundador del Proyecto Mozilla y creador de JavaScript| Brendan Eich.,2020-04-06,navegador,brave,,,,,,,,,,14:37,./images-blog/brave.png
Radicale. Calendario y Tareas sincronizadas mediante CalDAV y CardDAV,radicale-calendario-y-tareas-sincronizadas-mediante-caldav-y-carddav,Radicale es un servidor de calendario y libreta de direcciones. Está escrito en Python e implementa los estándares CalDAV y CardDAV.,2020-04-04,tareas,calendario,caldav,carddav,raspberry,,,,,,,17:00,./images-blog/radicale.svg
Shaarli. El Delicious del Software Libre,shaarli-el-delicious-del-software-libre,Shaarly es un servicio de marcadores personal| minimalista| súper rápido| sin bases de datos.,2020-04-02,docker,servicio,,,,,,,,,,17:30,./images-blog/shaarli.png
EteSync. Tareas| Contactos y Calendarios| sincronizadas de extremo a extremo,etesync-tareas-contactos-y-agendas-sincronizadas-de-extremo-a-extremo,EteSync es un servicio/aplicaciones similar a CalDAV| pero que permite una sincronización segura| de extremo a extremo para tus contactos| calendarios y tareas.,2020-04-01,tareas,caldav,calendario,,,,,,,,,11:30,./images-blog/etesync.png
Creando contenedores con dockerc,creando-contenedores-con-dockerc,El motivo de crear esta aplicación es bash que he desarrollado| es tener en una carpeta archivos de texto plano con la extensión .docker y en su contenido las líneas,2020-03-31,docker,app,,,,,,,,,,19:40,./images-blog/docker.png
Rclone bidireccional con Rclonesync,rclone-bidireccional-con-rclonesync,:DESCRIPTION:,2020-03-26,rclone,sincronización,sync,webdav,dropbox,drive,,,,,,15:48,./images-blog/rclone.png
Escuchando música de mi servidor Jellyfin con jellycli,escuchando-musica-de-mi-servidor-jellyfin-con-jellycli,Esta una de esas aplicaciones que me encantan. Parece magia verla funcionar.,2020-03-10,jellyfin,música,servidor,raspberry,,,,,,,,20:10,./images-blog/jellifin.png
El mejor y más ligero cliente para tu Escritorio de Jellyfin. Jellyfin-cli,el-mejor-y-mas-ligero-cliente-para-tu-escritorio-de-jellyfin-jellyfin-cli,Para que Jellyfin sea del todo perfecto| sería necesario el poder reproducir el contenido multimedia desde mi Escritorio de un modo instantáneo y súper ligero.,2020-03-09,jellyfin,servidor,multimedia,,,,,,,,,20:20,./images-blog/jellifin.png
Telegram Desktop. Atajos de teclado,telegram-desktop-atajos-de-teclado,Siguiendo con mi objetivo de utilizar todas las aplicaciones de mi pc| únicamente con teclado| sin necesidad de utilizar el ratón| hoy toca el turno de Telegram Desktop.,2020-02-28,telegram,atajos,,,,,,,,,,21:35,./images-blog/telegram.jpg
Simplenote para terminal. Sncli,simplenote-para-terminal-sncli,sncli es una aplicación desarrollada en Python que da acceso a tu cuenta Simplenote a través de la línea de comando.,2020-02-26,notas,simplenote,terminal,aplicaciones,,,,,,,,20:30,./images-blog/simplenote.png
Instalando| Compilando el última versión de Rclone-Browser,instalando-compilando-el-ultima-version-de-rclone-browser,En los repositorios oficiales de Ubuntu| Debian|... Ya encontramos *Rclone-Browser*| de manera que con un simple =sudo apt install rclone-browser=| lo tendremos instalados. Pero la versión que hay en los,2020-02-16,rclone,backup,,,,,,,,,,20:02,./images-blog/rclone.png
Archivar tareas de tu OrgMode en Emacs,archivar-tareas-de-tu-orgmode-en-emacs,Si utilizas el orgmode para crear tus tareas| o como es mi caso|  para crear los artículos que voy a publicar en el blog|  una vez finalizados y,2020-02-12,emacs,orgmode,,,,,,,,,,14:37,./images-blog/emacs.png
Wireguard en 2 minutos con wgc,wireguard-en-2-minutos-con-wgc,Uno de los defectos que he encontrado a Wireguard|  es que aunque no es complicada su configuración de servidor y clientes| la verdad es que no es nada amigable,2020-02-11,wireguard,vpn,raspberry,debian,ubuntu,,,,,,,18:30,./images-blog/wireguard.png
Marca de tiempo con Emacs,marca-de-tiempo-con-emacs,Edito con Emacs en diferentes dispositivos. Eso implica entre otras cosas| sincronizar estos archivos tanto con Rclone como Syncthing.,2020-02-05,emacs,orgmode,,,,,,,,,,19:02,./images-blog/emacs.png
A python también le gusta el todo.txt. todotxt-machine,a-python-tambien-le-gusta-el-todo-txt-todotxt-machine,Posiblemente una de mis aplicaciones favoritas de todo.txt es todotxt-machine. Una aplicación desarrollada en Python que su funcionamiento es más similar a SimpleTask con su potente filtrado de Contextos| Proyectos.,2020-01-31,todo.txt,tareas,python,,,,,,,,,18:25,./images-blog/todotxt.png
Integración total de todotxt en Emacs,integracion-total-de-todotxt-en-emacs,Utilizar org-mode con Emacs| no quiere decir que sea incompatible con el todo.txt.,2020-01-29,emacs,todo.txt,tareas,,,,,,,,,17:56,./images-blog/todotxt.png
Aprendiendo todo.txt. todotxt-cli,aprendiendo-todo-txt-todotxt-cli,También puedes encontrar muchas aplicaciones para todos los sistemas operativos| navegadores| etc... Te adjunto [[http://todotxt.org/][la web de todo.txt]] donde encontrarás más información.,2020-01-27,todo.txt,tareas,textoplano,,,,,,,,,19:05,./images-blog/todotxt.png
Nuevo firmware de la Raspberry 4 para bajar la temperatura,nuevo-firmware-de-la-raspberry-4-para-bajar-la-temperatura,Hasta que ha llegado la nueva versión de firmware *000137ab*| hemos visto como a nuestra Raspberry 4 se disparaba la temperatura. Desde prácticamente el día después de su lanzamiento| ya,2020-01-22,raspberry,firmware,,,,,,,,,,20:25,./images-blog/raspberrypi.jpg
Screen. Enviar scripts a segundo plano,screen-enviar-scripts-a-segundo-plano,Aprovechando que Linux permite la multitarea| vamos a enviar un script corriendo a segundo plano.,2020-01-21,bash,screen,zsh,,,,,,,,,18:17,./images-blog/bash.png
Copiando una página web o parte de ella a OrgMode,copiando-una-pagina-web-o-parte-de-ella-a-orgmode,Vamos a utilizar un paquete que nos va a permitir copiar el contenido de una página web o parte de él| con enlaces| etc... a orgmode,2020-01-17,emacs,w3m,orgmode,,,,,,,,,20:50,./images-blog/w3m.png
Emacs en Android,emacs-en-android,Podemos utilizar Emacs en Android gracias a Termux a través de la Terminal. La novedad es que desde hace mas o menos un mes| hay un nuevo paquete x11 para,2020-01-16,emacs,termux,android,,,,,,,,,18:45,./images-blog/emacs-android.png
Instalando la última versión de Firefox,instalando-la-ultima-version-de-firefox,Voy a instalar la ultimísima versión de Firefox y no depender de la versión disponible en los repositorios de mi distro. Para ello| descargaremos la versión disponible en los repositorios,2020-01-16,aplicaciones,firefox,,,,,,,,,,17:55,./images-blog/firefox.png
Editor de Texto Nano,editor-de-texto-nano,En anteriores artículos| hemos visto como compilar nano| ahora veremos un poco como utilizarlo y conocer sus atajos.,2020-01-15,nano,ssh,terminal,,,,,,,,,17:50,./images-blog/nano.png
Descargando el último archivo de lanzamiento de un repositorio git. Latest Releases,descargando-el-ultimo-archivo-de-lanzamiento-de-un-repositorio-git-latest-releases,Vamos a utilizar un script para descargar el último archivo de lanzamiento (latest releases) de un repositorio git.,2020-01-14,git,scripts,bash,,,,,,,,,20:12,./images-blog/git.png
html2txt. Convirtiendo una web a texto plano con w3m,html2txt-convirtiendo-una-web-a-texto-plano-con-w3m,Ya hemos aprendido a utilizar w3m en Emacs y desde la terminal. Ahora vamos a convertir cualquier web o archivo *.html* a texto plano.,2020-01-13,w3m,bash,zsh,,,,,,,,,21:50,./images-blog/w3m.png
W3M. Navegador para Terminal y Emacs,w3m-navegador-para-terminal-y-emacs,w3m es un navegador para terminal muy liviano| con el que no solo podremos ver cualquier web en modo texto| sino que además podremos ver también las imágenes.,2020-01-09,emacs,orgmode,bash,,,,,,,,,17:55,./images-blog/w3m.png
Todoist en Emacs,todoist-en-emacs,Todoist es una aplicación muy conocida para crear y gestionar tus tareas. Con un paquete de Melpa| podremos acceder mediante la api de todoist a todas nuestras listas.,2020-01-08,emacs,orgmode,tareas,,,,,,,,,19:22,./images-blog/todoist.png
Descargando un directorio de git con gitdir,descargando-un-directorio-de-git-con-gitdir,Hoy ojeando *Reddit*| he visto esta magnífica utilidad que nos permite bajar una carpeta determinada de un repositorio de git. La aplicación está desarrollada en Python y como es natural|,2020-01-06,git,git,repositorio,github,gitlab,,,,,,,17:50,./images-blog/git.png
Bat| el Cat enriquecido,bat-el-cat-enriquecido,Bat es un cat enriquecido. Lo veo un poco como una mezcla de cat + less.,2020-01-04,bash,zsh,terminal,aplicación,,,,,,,,17:50,./images-blog/bat.svg
Controlando mis Contenedores desde Android,controlando-mis-contenedores-desde-android,Buscando una aplicación practica para controlar mis contenedores desde el móvil| me topé con  [[https://play.google.com/store/apps/details?id=com.nevishs.drawerdockerapp:DESCRIPTION:hl=es_419][Docker Management]]| una aplicación de acceso anticipado que no se conecta a ningún servidor extraño|,2020-01-01,docker,android,contenedores,,,,,,,,,10:00,./images-blog/dockermanagement.png
Supysonic 0.5.0. Total compatibilidad con todos los clientes Subsonic,supysonic-0-5-0-total-compatibilidad-con-todos-los-clientes-subsonic,Como os comenté en el podcast y artículo sobre Supysonic| una de las limitaciones que tenía| es la limitación de su *api* que hacia que no fuera 100% compatible con,2019-12-31,supysonic,subsonic,servidor,musica,raspberry,,,,,,,18:00,./images-blog/subsonic.png
Bullet Journal Digital en OrgMode,bullet-journal-digital-en-orgmode,Si eres un amante del Bullet Journal y OrgMode| estas de suerte. Hace algo más de un año| hice un script en bash para crear la plantilla de lo que,2019-12-30,emacs,orgmode,notas,diario,bulletjournal,,,,,,,18:00,./images-blog/bujo.png
Instalar un Servidor con Debian,instalar-un-servidor-con-debian,Quizás te estas planteando el montarte un servidor con debian| pero no sabes muy bien por donde empezar. Si has instalado alguna vez debian| la imagen contiene varias versiones de,2019-12-28,servidor,debian,,,,,,,,,,19:46,./images-blog/debian.png
Convertir texto a voz con espeak,convertir-texto-a-voz-con-espeak,Este medio día| he visto nuevamente un clásico| Juegos de Guerra (War Games) y la voz del Súper ordenador me ha recordado a mi Raspberry con espeak.,2019-12-23,tts,bash,,,,,,,,,,21:45,./images-blog/espeak.png
Docker: Bitwarden. Un servidor de contraseñas en tu Raspberry Pi,docker-bitwarden-un-servidor-de-contrasenas-en-tu-raspberry-pi,Hace un tiempo utilizaba como gestor de contraseñas Keepass| pero desde que descubrí Bitwarden| no dudé en dar el cambio.,2019-12-21,docker,servidor,raspberry,,,,,,,,,17:40,./images-blog/bitwarden.png
Habilitar Repositorios Privativos en Debian,habilitar-repositorios-privativos-en-debian,Es probable que tengas una tarjeta gráfica especifica que te gustaría sacarle todo el potencial| o simplemente descomprimir un archivo *.rar* que te han dejado y no sabes como descomprimirlo.,2019-12-20,debian,bash,,,,,,,,,,00:05,./images-blog/debian.jpg
Remmina. De los mejores Clientes VNC,remmina-de-los-mejores-clientes-vnc,Utilizo VNC para conectarme a mis servidores o PC's remotos con interfaz gráfica. Hay muchos clientes de VNC| pero *remmina* es uno de mis favoritos| porque puedo acceder a mis,2019-12-18,vnc,servidor,escritorio,,,,,,,,,22:40,./images-blog/remmina.png
Instalando SSH en Fedora| Centos o RedHat,instalando-ssh-en-fedora-centos-o-redhat,Por defecto Fedora no tiene habilitado SSH. Para hacerlo| primero tenemos que instalar OpenSSH.,2019-12-11,ssh,fedora,centos,redhat,,,,,,,,18:25,./images-blog/fedora.png
Los paquetes snap no aparecen una vez instalados,los-paquetes-snap-no-aparecen-una-vez-instalados,Ya sabéis que últimamente ando utilizando debian como distro principal tanto en mi PC como servidor. Aunque snap funciona perfectamente en Debian| es posible que no quede plenamente del todo,2019-12-04,snap,ubuntu,debian,,,,,,,,,20:30,./images-blog/snap.png
Ordena| renombra y actualiza tus metadatos con Tiny Media Manager,ordena-renombra-y-actualiza-tus-metadatos-con-tiny-media-manager,Si tienes un servidor multimedia como Jellyfin o Plex| en muchas ocasiones| es probable que la información de tus películas o series| no aparezcan correctamente,2019-11-27,jellyfin,plex,servidor,multimedia,,,,,,,,17:55,./images-blog/tmm.png
Test de velocidad en la terminal,test-de-velocidad-en-la-terminal,Comprobar la velocidad de tu conexión a internet desde tu terminal es muy sencillo. Como puedes ver| para hacerlo| no necesitas necesariamente utilizar el navegador web.,2019-11-20,terminal,bash,python,zsh,,,,,,,,20:05,./images-blog/cron.png
Emacs. Guardando el último lugar que estás editando| para volver en otra sesión,emacs-guardando-el-ultimo-lugar-que-estas-editando-para-volver-en-otra-sesion,Una de las cosas que más rabia me da cuando estoy editando mis archivos de configuración| orgmode|... en Emacs| es que cuando dejo a medias la edición un archivo y,2019-11-14,emacs,orgmode,,,,,,,,,,19:00,./images-blog/emacs.png
Compilando la última versión de Emacs,compilando-la-ultima-version-de-emacs,En el Artículo anterior compilamos Nano y ahora toca el turno de Emacs. Los que utilizamos Debian| Ubuntu| Raspbian... tenemos el problema que en los repositorios oficiales| no encontramos nunca,2019-11-13,emacs,bash,zsh,compilar,,,,,,,,22:35,./images-blog/emacs.png
Compilando La última versión de Nano,compilando-la-ultima-version-de-nano,Me he puesto manos a la obra a como sacar el máximo de partido a nano| un editor de texto a veces desprestigiado frente a otros| pero uno de los,2019-11-12,aplicación,terminal,bash,zsh,nano,,,,,,,19:10,./images-blog/nano.png
Docker: Mariadb,docker:-mariadb,Mariadb es una base de datos que hemos utilizado para muchos servicios y que podemos instalarla desde un docker. Hay dockers de mariadb tanto oficial| de la comunidad LinuxServer|... Pero,2019-11-11,docker,mariadb,,,,,,,,,,21:18,./images-blog/mariadb.png
Simplifica o abrevia tus conexiones SSH,simplifica-o-abrevia-tus-conexiones-ssh,Cuando tienes muchas Raspberry| Servidores| Pc's|... y te conectas a ellos vía SSH| llega un momento que no recuerdas las IP's| puertos| etc... También es mucho más rápido en el,2019-11-09,ssh,bash,zsh,,,,,,,,,17:55,./images-blog/bash.png
Docker: Gotify. Tu servidor de Notificaciones,docker-gotify-tu-servidor-de-notificaciones,Después de montar un bot con Telegram y Mastodon| ha llegado el momento de crear tu propio servicio de notificaciones. No vamos a depender de servicios de terceros para saber,2019-11-06,docker,bot,gotify,,,,,,,,,09:45,./images-blog/gotify.png
Marcar una línea en tu OrgMode| para después volver a ella,marcar-una-linea-en-tu-orgmode-para-despues-volver-a-ella,Mi archivo orgmode| actualmente supera de largo las 40.000 líneas. Hay momentos que estoy accediendo a una parte del documento| por ejemplo la línea /1345|/ donde estoy leyendo parte de,2019-11-01,emacs,orgmode,,,,,,,,,,18:00,./images-blog/orgmode.png
Rclone. Instalando la última versión,rclone-instalando-la-ultima-version,Rclone está disponible en los repositorios oficiales| pero como siempre os he comentado| es interesante tener instalada la última versión.,2019-11-01,sync,bash,rclone,,,,,,,,,17:55,./images-blog/rclone.png
Habilitar SSH en la Raspberry sin conectar el Monitor,habilitar-ssh-en-la-raspberry-sin-conectar-el-monitor,Una vez grabado Raspbian en una SD o USB| casi seguro que querrás conectarte vía SSH. Para habilitar el servidor SSH| siempre te recomiendan el conectar tu Raspberry Pi a,2019-10-31,raspberry,ssh,bash,,,,,,,,,18:00,./images-blog/raspberrypi.jpg
Crea tu Bot en Mastodon con Python,crea-tu-bot-en-mastodon-con-python,Hemos visto como publicar en Mastodon mediante un Bot en Bash| Ahora vamos a ver como hacerlo con Python.,2019-10-30,bot,python,mastodon,,,,,,,,,18:00,./images-blog/mastodon.png
Grabar Raspbian| Ubuntu| Debian|... en un Pendrive o SD desde la Terminal,grabar-raspbian-ubuntu-debian-en-un-pendrive-o-sd,Para grabar una imagen de Raspbian| Ubuntu| Debian|... o cualquier otro Sistema Operativo en GNU/Linux| podemos hacerlo de una forma muy liviana y sencilla desde la terminal con dd.,2019-10-29,bash,raspberry,raspbian,,,,,,,,,19:32,./images-blog/sd.png
Crea tu Bot de Mastodon en Bash con una sola línea de Terminal,crea-tu-bot-de-mastodon-en-bash-con-una-sola-linea,Después de un largo periodo| he decidido volver a Mastodon. Una red social muy parecida a Twitter de Software Libre y descentralizada.,2019-10-28,bot,mastodon,,,,,,,,,,18:00,./images-blog/mastodon.png
Recargar archivo en Emacs,recargar-archivo-en-emacs,Estoy sincronizando constantemente| haciendo pruebas| mis archivos orgmode. Cuando tienes un archivo abierto| si se produce la sincronización en segundo plano| el archivo que estás visualizando no cambia| sigues viendo,2019-10-26,emacs,orgmode,,,,,,,,,,18:00,./images-blog/
Descargar archivos con curl,descargar-archivos-con-curl,Para descargar archivos desde un servidor| puedes utilizar *wget* o *curl*.,2019-10-25,bash,terminal,curl,,,,,,,,,18:00,./images-blog/curl.svg
Bsync. Sincronización de archivos bidireccional| que utiliza Rsync,bsync-sincronizacion-de-archivos-bidireccional-que-utiliza-rsync,Tal como expliqué en algún que otro Podcast-Artículo| GitHub nos ofrece muchos proyectos súper interesantes y útiles. Es el caso de Bsync| un una herramienta de sincronización de archivos bidireccional|,2019-10-24,sync,python,backup,servidor,bsync,,,,,,,18:00,./images-blog/sync.png
Crea tu cron de un modo gráfico,crea-tu-cron-de-un-modo-gráfico,Si queremos automatizar un script| utilizamos cron. Pero hay que reconocer que hasta que no le pillas el tranquillo| los parametros que tenemos que introducir para esta programación son muy,2019-10-23,bash,terminal,ubuntu,debian,cron,,,,,,,22:22,./images-blog/cron.png
Docker: Servidor Webdav,docker-servidor-webdav,Montar un servidor webdav puede ser muy útil| ya que nos va a permitir sincronizar o compartir archivos. Nextcloud| Box.com| Yandex|... utilizan esta tecnología para conectarnos a sus nubes| pero,2019-10-22,servidor,webdav,raspberry,,,,,,,,,18:30,./images-blog/dav.png
Orzly. Tus OrgMode syncronizados por WebDav,orzly-tus-orgmode-syncronizados-por-webdav,Ahora tienes un motivo mas para utilizar Orgzly y tus notas en OrgMode. Y es que Orgzly| hoy ha añadido en su versión 1.8-Beta.1  de Android| la posibilidad de,2019-10-22,emacs,orgmode,webdav,,,,,,,,,18:00,./images-blog/orgzly.png
Apagada automática de tu Raspberry si hay alta temperatura,apagada-automática-de-tu-raspberry-si-hay-alta-temperatura,Después de las publicaciones sobre la alta temperatura de la Raspberry| te puede entrar la paranoia de que se queme| salga ardiendo| etc ...,2019-10-21,raspberry,bash,terminal,script,alta,temperatura,,,,,,17:55,./images-blog/raspberrypi.jpg
Cron. Ejemplos,cron-ejemplos,Cron es muy sencillo y a la vez complejo. Cuando quieres utilizar una programación en el tiempo muy concreta| entre días| meses| días de la semana| cada ciertos minutos... Puede,2019-10-15,bash,terminal,cron,,,,,,,,,18:00,./images-blog/cron.png
Calendario en la terminal,calendario-en-la-terminal,Desde la terminal| podemos hacer que nos muestre un calendario de muchas maneras. Este calendario puede ser útil como información| así como poder exportar o modificar el resultado para el,2019-10-11,terminal,bash,calendario,,,,,,,,,19:30,./images-blog/calendar.jpg
Docker: Duck DNS. Facilitando la conexión a tus servicios,docker-duck-dns-facilitando-la-conexion-a-tus-servicios,La mayor parte de la gente| tiene una conexión a internet con ip dinámica,2019-10-09,docker,servidor,dns,duckdns,,,,,,,,17:55,./images-blog/duckdns.png
Docker: Jamstash. Cliente de Subsonic| Supysonic| Airsonic,docker-jamstash-cliente-de-subsonic,Si tienes el servidor de música *Supysonic*| Subsonic| Airsonic|... Cualquiera de los servidores que utilizan la api de *Subsonic*| quizás quieras utilizar el navegador web como cliente.,2019-10-08,docker,raspberry,servidor,jamstash,subsonic,,,,,,,18:00,./images-blog/jamstash.png
Docker: Supysonic. El mejor y más ligero servidor de música,docker:-supysonic.-el-mejor-y-más-ligero-servidor-de-música,Algo que he estado buscando desde que empecé a instalar mis propios servicios| es un servidor de música tipo [[https://www.spotify.com][Spotify]].,2019-10-07,docker,musica,raspberry,servidor,jamstash,supysonic,,,,,,18:00,./images-blog/subsonic.png
Acceder dentro de un Docker como usuario root,acceder-dentro-de-un-docker-como-usuario-root,Vamos a acceder a un contenedor como usuario root,2019-10-04,docker,bash,terminal,root,,,,,,,,18:00,./images-blog/docker.png
Docker: Wallabag,docker:-wallabag,Os hable de Wallabag en el Podcast| cuando estaba en la primera versión. Al pasar a la segunda versión| todo cambió. La interfaz mejoró muchísimo| más moderna| más opciones|... pero,2019-10-01,docker,ubuntu,debian,nas,raspberry,wallabag,,,,,,17:55,./images-blog/wallabag.png
Extraer audio de un vídeo con ffmpeg,extraer-audio-de-un-vídeo-con-ffmpeg,Con ffmpeg| no solo podemos transcodificar vídeo| sino también extraer el audio.,2019-09-30,bash,video,terminal,,,,,,,,,5:15,./images-blog/ffmpeg.png
Donde está el comando ifconfig y como instalarlo,donde-está-el-comando-ifconfig-y-como-instalarlo,El comando ifconfig ha quedado en desuso y ya no está disponible en los repositorios de las versiones de Debian| Raspbian|...,2019-09-25,bash,debian,raspbian,ubuntu,,,,,,,,18:15,./images-blog/bash.jpg
Comando para saber los dockers corriendo y sus puertos,comando-para-saber-los-dockers-corriendo-y-sus-puertos,Tengo tantos contenedores corriendo| que muchas veces no recuerdo los contenedores que están corriendo ni los puertos que asigne en su día a cada contenedor.,2019-09-23,docker,bash,terminal,,,,,,,,,19:18,./images-blog/docker.png
Exportando a CSV desde Microsoft Excel Online| Hojas de cálculo de Google| etc,exportando-a-csv-desde-excel-online,Exportando a CSV desde Microsoft Excel Online| Hojas de cálculo de Google| etc,2019-09-21,bash,terminal,,,,,,,,,,17:55,./images-blog/excel.png
Emacs siempre a la última versión| betas| edge... gracias a Snap,emacs-siempre-a-la-ultima-versión-betas-edge-gracias-a-snap,:DESCRIPTION:,2019-09-18,emacs,emacs,snap,,,,,,,,,14:12,./images-blog/emacs.png
Instalar Telegram Desktop y Rclone Browser en una Raspberry Pi o Servidor,instalar-telegram-desktop-y-rclone-browser,Gracias a al nueva actualización de debian buster| podemos hacer cosas maravillosas| como instalar telegram-desktop en nuestra Raspberry o Servidor remoto y ejecutarlas en tu escritorio,2019-09-17,telegram,ssh,raspberry,,,,,,,,,17:55,./images-blog/telegram-desktop.png
Listado de Servicios con System V y Systemd,listado-de-servicios-con-system-v-y-systemd,Buscaba el modo de comprobar los servicios que tengo corriendo y he llegado,2019-09-16,servidor,ssh,terminal,,,,,,,,,5:15,
Convertir de H.265 a H.264,convertir-de-h265-a-h264,Hay dispositivos| como la primera versión del Fire TV Stick de Amazon|  que no reproducen videos en H.265,2019-09-11,ffmpeg,video,,,,,,,,,,17:55,./images-blog/ffmpeg.png
Docker: KodExplorer,docker-kodexplorer,KodExplorer es un servicio web| que nos permite navegar por carpetas| descargar o subir archivos| editar archivos de texto| visualizar videos o audios en streaming,2019-09-09,docker,ssh,terminal,nas,servicios,,,,,,,18:00,./images-blog/kodexplorer.png
AnyDesk en Ubuntu| Debian,anydesk-en-ubuntu-debian,Siempre hay el típico falimiar que te pide que le arregles algo que ha pasado en su PC,2019-09-08,escritorio,ubuntu,debian,servidor,android,,,,,,,21:40,./images-blog/anydesk.png
Teamviewer en Ubuntu| Debian,teamviewer-en-ubuntu-debian,Siempre hay el típico falimiar que te pide que le arregles algo que ha pasado en su PC,2019-09-08,escritorio,ubuntu,debian,servidor,android,,,,,,,18:07,./images-blog/teamviewer.png
Backup de mis Notas de Paper Dropbox,backup-de-mis-notas-de-paper-dropbox,Sabéis que unos de los lugares donde habitualmente tomo notas en la nube de tutoriales interesantes que encuentro en la red,2019-09-01,notas,raspberry,,,,,,,,,,13:29,./images-blog/paper.png
Fim. Un vilsualizador de imágenes liviano para terminal,fim.-un-vilsualizador-de-imagenes-liviano-para-terminal,Tras mucho darle vueltas| he pensado que la previsualización de los post,2019-08-29,bash,ssh,terminal,,,,,,,,,21:25,./images-blog/ugeek.png
Borrar Contenedores| imágenes| Volúmenes y Redes de tus Dockers con Prune,dockers-con-prune,Si trasteas mucho con docker| siempre llega un momento en el que te das cuenta que tu disco está lleno de contenedores,2019-08-29,docker,ssh,terminal,,,,,,,,,18:15,./images-blog/docker.png
QTodoTxt. todo.txt en tu escritorio,qtodotxt,Después de mucho probar distintas aplicaciones de todo.txt para Escritorio| mi favorita es QTodoTxt,2019-08-21,notas,ssh,terminal,,,,,,,,,10:30,./images-blog/qtodotxt.png
Cada vez mas clientes de Jellyfin. Aplicaciones para Escritorio Linux| Windows| Mac| Android| Kodi,cada-vez-mas-clientes-de-jellyfin,Solo llevamos unos 9 meses desde el nacimiento de Jellyfin y los clientes ya están llegando al nivel de madurez deseado,2019-08-21,jellyfin,ssh,terminal,,,,,,,,,02:50,./images-blog/jellifin.png
Configuración y diferencias entre bashrc| bash profile| bashrc| profile o sus versiones zsh,configuracion-y-diferencias-entre-bashrc-bash-profile,Navegando por las web encontré este interesante Post donde se explica la diferencia entre los archivos de configuración,2019-08-19,bash,ssh,terminal,zsh,,,,,,,,01:30,./images-blog/bash.jpg
Actualiza el Firmware de tu Raspberry,actualiza-el-firmware-de-tu-raspberry,Actualizar el firmware de tu Raspberry a la última| es muy sencillo,2019-08-17,raspberry,raspberry,bash,,,,,,,,,18:10,./images-blog/raspberrypi.jpg
Corrector Ortográfico para Emacs en Raspbian,corrector-ortagráfico-para-emacs-en-raspbian,Tras adquirir mi nueva Raspberry 4 y la aparición de la nueva debian Buster| estoy utilizando Emacs remotamente,2019-08-16,emacs,orgmode,raspbian,org-bash-blog,,,,,,,,15:50,./images-blog/emacs.png
CryFS. Cifrando el contenido de tu carpeta,cryfs.-cifrando-el-contenido-de-tu-carpeta,CryFS es un sistema de cifrado parecido a EncFS| pero mas robusto. Utiliza dos carpetas| una donde están los archivos cifrados y otra que tenemos que crear| para montar los archivos si cifrar,2019-08-15,cifrado,bash,,,,,,,,,,22:00,./images-blog/ugeek.png
Cambiando el Idioma en Debian| Ubuntu| Raspbian...,cambiando-el-idioma-en-debian-ubuntu-raspbian,Si tu sistema está configurado un idioma y deseas cambiarlo| sigue leyendo y verás que no es complicado,2019-08-15,bash,ubuntu,debian,raspbian,,,,,,,,13:10,./images-blog/ugeek.png
Recupera archivos borrados con Test Disk,recupera-archivos-borrados-con-test-disk,:DESCRIPTION:,2019-08-15,bash,bash,,,,,,,,,,11:00,./images-blog/testdisk.png
Instala la última versión de Pandoc,instala-la-última-versión-de-pandoc,Si en tu PC como yo| tienes una versión antigua como Ubuntu 18.04| te darás cuenta que la versión de Pandoc esta muy desactualizada,2019-08-14,pandoc,notas,orgmode,markdown,bash,,,,,,,23:00,./images-blog/ugeek.png
Exportando tu Notas de Google Keep a Org Mode o Markdown,exportando-tu-notas-de-google-keep-a-org-mode-o-markdown,Hay quien no se acostumbra a utilizar Orgzly ni Emacs cuando toma notas con su movil| en cambio le gustaría el tener el backup de todas las notas de su cuenta Google Keep en un único archivo Org Mode. También hay quien le gustaría tenerlas en Markdown,2019-07-26,emacs,notas,orgmode,markdown,bash,python,,,,,,22:00,./images-blog/keep.png
Actualización automática de tus dockers con Watchtower o Ouroboros,actualización-automática-de-tus-dockers,Watchtower es una aplicación que controlará sus contenedores Docker en funcionamiento y observará los cambios en las imágenes a partir de los cuales se iniciaron originalmente esos contenedores,2019-07-26,docker,terminal,ubuntu,raspberry,,,,,,,,20:30,./images-blog/docker.png
Docker en Ubuntu 18.04,docker-en-ubuntu-1804,Vamos a instalar docker en Ubuntu 18.04,2019-07-23,docker,terminal,ubuntu,,,,,,,,,18:30,./images-blog/docker.png
Plugin zsh-autosuggestions. Autocompletado en la terminal,plugin-zsh-autosuggestions-autocompletado-en-la-terminal,Sigo explorando y conociendo los plugin para Zsh. Zsh-autosuggestions sugiere comandos a medida que escribe en base al historial y las terminaciones,2019-07-23,zsh,bash,zsh,terminal,,,,,,,,18:00,./images-blog/omzsh.png
Instalar Oh My ZSH,instalar-oh-my-zsh,Zsh es una shell que junto a Oh My Zsh| un framework desarrollado por la comunidad| nos proporciona sugerencias cuando estamos en nuestra terminal,2019-07-22,zsh,bash,zsh,terminal,,,,,,,,21:20,./images-blog/omzsh.png
Emacs 26.2 en Ubuntu,emacs-26-2-en-ubuntu,A partir de la versión Org 9.2| ya no es posible utilizar el atajo que utilizábamos en versiones anteriores,2019-07-22,emacs,orgmode,,,,,,,,,,11:43,./images-blog/emacs.png
Añadir cajetilla de código en orgmode como antes,añadir-cajetilla-de-código-en-orgmode-como-antes,A partir de la versión Org 9.2| ya no es posible utilizar el atajo que utilizábamos en versiones anteriores,2019-07-13,emacs,orgmode,,,,,,,,,,20:00,./images-blog/orgmode.png
Cifrando archivos en git con GIT-CRYPT,cifrando-archivos-en-git-con-git-crypt,Hace un tiempo os hablé de .gitignore| un archivo oculto para que no suban determinados archivos a nuestro repositorio de git,2019-07-10,git,terminal,ssh,,,,,,,,,16:30,./images-blog/git.png
Instalar VNC en tu servidor con debian u otra derivada,instalar-vnc-en-tu-servidor-con-debian-u-otra-derivada,Hay sistemas operativos que instalo una interfaz gráfica en el servidor y accedo remotamente vía VNC,2019-07-08,debian,terminal,ssh,vnc,,,,,,,,21:15,./images-blog/docker.png
Docker en debian Buster,docker-en-debian-buster,Vamos a instalar docker en debian Buster,2019-07-08,debian,terminal,ssh,docker,,,,,,,,21:10,./images-blog/docker.png
Habilitando la accesibilidad como usuario root via ssh en debian,habilitando-la-accesibilidad-como-usuario-root-via-ssh-en-debian,Debian es un poco diferente a Ubuntu. Para habilitar el poder acceder como usuario root| tienes que configurar un archivo.,2019-07-08,debian,terminal,ssh,,,,,,,,,21:05,./images-blog/debian.jpg
Instalando Syncthing por reposistorios,instalando-syncthing-por-reposistorios,Vamos a ver como instalar Syncthing desde los repositorios oficiales de debian| ubuntu| raspbian,2019-07-06,aplicacion,terminal,syncthing,,,,,,,,,23:30,./images-blog/syncthing.png
Renombrando archivos masivamente,renombrando-archivos-masivamente,Quería eliminar masivamente el título de unos archivos .mp3| donde había añadido el nombre del grupo. UNIX es ideal para estas tareas,2019-07-06,unix,terminal,sed,bash,,,,,,,,21:00,./images-blog/unix.png
Dale Almacenamiento ilimitado a tu Raspberry| Servidor o PC|... con Rclone,dale-almacenamiento-ilimitado-a-tu-raspberry-servidor-o-pc-con-rclone,Rclone es una aplicación de Software Libre| que nos permite conectar nuestra Raspberry| Servidor con Linux o PC|  a las más conocidas nubes públicas (Dropbox| Google Drive| OneDrive| Mega| Hubic| PCloud| Box| Nextcloud| Owncloud| Amazon,2019-07-03,aplicacion,terminal,,,,,,,,,,22:25,./images-blog/rclone.png
Compartiendo tus Dockers,compartiendo-tus-dockers,Después de haber dedicado un tiempo a crear tus dockers| que mejor manera que compartirlos con la comunidad,2019-06-12,docker,raspberry,servidor,,,,,,,,,20:20,./images-blog/dockerhub.png
Montar un servidor webdav con dafs2,montar-un-servidor-webdav-con-dafs2,vamos a ver como montar en tu PC o Servidor este servidor webdav que podemos encontrar en nubes como Nextcloud| Owncloud| Box.com| Yandex... en una carpeta local. Para ello vamos a utilizar dafs2,2019-06-11,servidor,webdav,raspberry,,,,,,,,,20:20,./images-blog/dav.png
Descargando videos de Internet con youtube-dl,descargando-videos-de-internet,En el Post de hoy| te voy a explicar cómo descargar no solo vídeos de YouTube| sino que también de muchos de los sitios web actuales con el comando youtube-dl,2019-06-02,aplicación,terminal,youtube,,,,,,,,,20:25,./images-blog/youtube.png
Docker: Letsencript. Accediendo a todos mis servicios desde cualquier lugar sin VPN,accediendo-a-todos-mis-servicios-desde-cualquier-lugar-sin-vpn,Esto nos permitirá poder acceder a muchos de los servicios que os he hablado durante más de dos años de Podcast| desde cualquier lugar| dispositivo| sin necesidad de utilizar una VPN y disfrutando de la totalidad de características disponibles en estos servicios,2019-05-15,servidor,nginx,raspberry,raspbian,docker,,,,,,,18:25,./images-blog/mountain-man.jpg
El Adiós a Plex y Emby. Llega Jellyfin,el-adios-a-plex-y-emby.-llega-jellyfin,Jellyfin es un servidor Multimedia donde podremos tener todas nuestras películas| series| música| Libros... Organizados y centralizados en un único lugar,2019-05-07,servidor,ubuntu,raspberry,,,,,,,,,20:30,./images-blog/jellifin.png
youtube2org. Añadir la Imagen de un Vídeo de YouTube| en un OrgMode o Markdown,youtube2org-añadir-la-imagen-de-un-vídeo-de-youtube-en-un-orgmode-o-markdown,Estaba escribiendo en un repositorio de GitHub en el archivo README.org| el resumen de un vídeo de un curso en Python buenísimo que he visto en YouTube. La intención era el poner la imagen del vídeo y debajo escribir un poco el resumen de este| para cuando quisiera acceder a un determinado tema| asociarlo al vídeo y clicar sobre esta imagen para que me lleve a YouTube,2019-05-01,emacs,orgmode,github,gitlab,markdown,,,,,,,20:00,./images-blog/bash.jpg
Estando a la Última en tu Raspberry con Debian Testing,estando-a-la-ultima-en-tu-raspberry-con-debian-testing,muestro un pequeño ejemplo de como montar un Docker con Debian Testing| una versión de Debian donde encontraremos paquetes más actualizados que la versión actual de Raspbian| que es una versión muchisímo más estable,2019-04-21,docker,docker,debian,,,,,,,,,18:55,./images-blog/debian.jpg
Cambiando estados de forma masiva en mis Org Mode,cambiando-estados-de-forma-masiva-en-mis-org-mode,Si tu blog comienza a ser muy grande y tienes centenares de tareas en tu Org Mode en estado *TODO*| es muy probable que quieras desmarcar este estado,2019-04-17,emacs,orgmode,bash,sed,,,,,,,,13:22,[[./images-blog/todo.jpg]]
Crear archivos .gitkeep de forma recursiva mediante un script,crear-archivos-gitkeep-de-forma-recursiva-mediante-un-script,Los archivos *.gitkeep*| son archivos vacíos que es probable hayas visto en algún proyecto de git y se crean para que en caso que este proyecto tenga carpetas vacías| sean gestionadas por git.,2019-04-17,git,github,gitlab,,,,,,,,,09:33,./images-blog/git.png
Controla tu Raspberry| Servidor o PC desde Telegram,controla-tu-raspberry-servidor-o-pc-desde-telegram,Voy a explicarte como ejecutar un Bot de Telegram que te va a permitir el controlar la totalidad de tu Raspberry| Servidor o PC| remotamente desde Telegram,2019-04-11,telegram,domotica,,,,,,,,,,08:00,./images-blog/tocar_movil.jpg
Atajos de Terminal,atajos-de-terminal,Aunque no lo parezca de salida y de muchísima pereza el aprenderse los atajos de teclado de la terminal| es algo verdaderamente muy útil,2019-04-06,terminal,servidor,,,,,,,,,,17:45,./images-blog/atajos.jpg
Montando una carpeta con todos mis servidores dlna,montando-una-carpeta-con-todos-mis-servidores-dlna,Vamos a montar en una carpeta de nuestro PC| todos los servidores dlna que haya en nuestra red local y acceder a todo el contenido a través de nuestro explorador de archivos o terminal igual que lo haríamos con cualquier otra carpeta de nuestro PC ,2019-04-05,dlna,servidor,,,,,,,,,,0:40,./images-blog/dlna.png
Montando carpetas del servidor| Raspberry|... en tu escritorio. SSHFS,montando-carpetas-del-servidor-raspberry-en-tu-escritorio,SSHFS nos va a permitir montar una carpeta de un servidor| PC o Raspberry| en nuestro PC o portatíl y acceder a esta carpeta como si fuera una carpeta de nuestra PC o portátil ,2019-04-04,ssh,servidor,,,,,,,,,,18:00,./images-blog/sshfs.png
Exportando bonito a html mi OrgMode y creando web estática,exportando-bonito-a-html-mi-orgmode-y-creando-web-estatica,Hoy os traigo un paquete que exporta tus archivos orgmode a formato html de un modo más bonito y con más calidad ,2019-04-02,emacs,html,github,gitlab,,,,,,,,18:40,./images-blog/ox-twbs.png
Calculando con mi terminal,calculando-con-mi-terminal,Cuando comienzas a crear tus propios scripts| a veces te ves en la necesidad de hacer cálculos. Hoy os voy a explicar un par de comandos que podemos utilizar para hacer nuestros cálculos,2019-04-01,terminal,bash,unix,,,,,,,,,19:00,./images-blog/expr.jpg
Notificaciones Org Mode en Telegram con mi Bot,notificaciones-org-mode-en-telegram-con-mi-bot,En artículos anteriores| así como en el Podcast| os he explicado como enviar notificaciones de texto| imágenes y archivos| a través de un Bot en Telegram que podemos crear,2019-03-31,emacs,orgmode,telegram,raspberry,,,,,,,,23:00,./images-blog/telegram2org.png
Tomb. Mis secretos son una Tumba. Crifrar Archivos,tomb-mis-secretos-son-una-tumba-crifrar-archivos,Hoy toca el turno de Tomb. Un script para cifrar archivos muy pero que muy interesante,2019-03-31,cifrado,raspberry,servidor,cifrado,,,,,,,,20:40,./images-blog/tomb.png
Veracrypt en Ubuntu y tu Raspberry por Terminal,veracrypt-en-ubuntu-y-tu-raspberry-por-terminal,Es muy probable que desees tener parte de tus datos cifrados para poder almacenarlo en una nube pública o simplemente quieras cifrar parte del contenido almacenado en tu Raspberry,2019-03-29,cifrado,servidor,raspberry,,,,,,,,,22:30,./images-blog/veracrypt.png
Crear página de error 404 en GitHub Pages,crear-pagina-de-error-404-en-github-pages,Después de cambiar la página de uGeek de Jekyll a Org-Bash-Blog| muchos de los artículos antiguos han cambiado ruta de la dirección web en el servidor y si llegas a ellas| quedas en una página de error de GitHub que no tiene relación con la web. Decidí crear una página personalizada de error 404,2019-03-29,web,git,github,,,,,,,,,10:30,./images-blog/404.png
Enviando Imágenes| audios| archivos... con mi bot de Telegram de una sola Línea de Terminal,enviando-imagenes-audios-archivos-con-mi-bot-de-telegram-de-una-sola-linea-de-terminal,En el Post anterior vimos como enviar archivos de texto plano a través del Bot| estoy seguro que estas totalmente emocionado y ahora te preguntas si también podemos enviar imágenes| archivos|... La respuesta es Sí!,2019-03-28,telegram,bot,,,,,,,,,,21:00,./images-blog/botfather.png
Monta un servidor web Nginx| con una sola línea de Terminal (Docker),monta-un-servidor-web-nginx-con-una-sola-linea-de-terminal-docker,Si quieres montar un servidor web en un pispás y no complicarte la vida| el Docker oficial de nginx es una buenísima solución,2019-03-25,docker,servidor,web,,,,,,,,,16:25,./images-blog/nginx.png
Actualizado: Cursos| Webs| Grupos| Tutoriales... Todo sobre Emacs y OrgMode,cursos-webs-grupos-tutoriales-todo-sobre-emacs-y-orgmode,Muchos de vosotros me comentáis si os puedo recomendar un sitio donde iniciaros con Emacs y OrgMode,2019-03-15,emacs,emacs,orgmode,,,,,,,,,21:10,./images-blog/emacs.png
Crea un Bot de Telegram con Bash y una sola línea de Terminal,crea-un-bot-de-telegram-con-bash-y-una-sola-linea-de-terminal,Como ya sabéis| Telegram es de mis aplicaciones favoritas. Y no solo por todas las características a la hora de enviar mensajes| almacenar archivos| etc... si no que gracias a la sencilla api de Telegram| puedo crear mis bots para que notifiquen todo tipo de cosas que suceden en mi raspberry| servidor| pc,2019-03-14,telegram,bot,telegram,,,,,,,,,23:00,./images-blog/telegram.jpg
Simplenote en Emacs,simplenote-en-emacs,Simplenote| es una aplicación de notas muy conocida de Software Libre| totalmente multiplataforma y gratuita. Podemos utilizar Simplenote en nuestro navegador web| aplicaciones de escritorio (incluso con paquete snap)| Android| iOS... Y lo mejor de todo| podemos utilizarla en Emacs con el paquete simplenote2| disponible en los repositorios de Melpa.,2019-03-10,emacs,orgmode,emacs,,,,,,,,,21:30,./images-blog/simplenote.png
Instalar servicios o aplicaciones con Docker para tu Raspberry o cualquier servidor GNU/Linux,instalar-servicios-o-aplicaciones-con-docker-para-tu-raspberry-o-cualquier-servidor-gnu-linux,El objetivo del post de hoy| va a ser crear un contenedor con una sola línea de comandos| entrar dentro de este| instalar un servicio o aplicación e iniciarlo. Pero lo mejor de todo| es que vamos a utilizar una distro diferente para nuestro contenedor| creando un servidor con un Ubuntu 18.04 en una Raspberry con sistema operativo Raspbian,2019-02-24,docker,docker,,,,,,,,,,17:15,./images-blog/docker.png
Cliente dlna para tu escritorio,cliente-dlna-para-tu-escritorio,Ya os expliqué como crear tu servidor dlna en raspberry o servidor Linux y como crear listas en m3u para el servidor| ahora tocaría el poder utilizar un cliente dlna en tu escritorio. Tenemos muchas aplicaciones para movil| smart TV|... pero| ¿Para escritorio?| no tendría sentido el montar un servidor multimedia solo para movil| tabletas y Tv. La verdad| es que escasean para escritorio| pero gracias a aplicaciones como Rhythmbox y sus plugins| podemos utilizar dlna de un modo muy sencillo. Aquí os explico como hacerlo,2019-02-16,servidor,dlna,,,,,,,,,,17:30,./images-blog/rhythmbox.png
Servidor ejabberd/xmpp en tu Raspberry mediante Docker y Dockerfile,servidor-ejabberd-xmpp-en-tu-raspberry-mediante-docker-y-dockerfile,En el Podcast| os he hablado muchas veces de las virtudes de docker: sencillez| seguridad| etc... En el artículo de hoy| voy a instalar un servidor ejabberd para raspberry| que no he encontrado en el Docker Hub y porque no decirlo| para los mas paranoicos| porque no instalarlo paso a paso,2019-02-10,docker,debian,alpinelinux,mensajeria,docker,,,,,,,20:30,./images-blog/ejabberd.png
No todo es echo. También existe printf,no-todo-es-echo-tambien-existe-printf,Cuando hacemos scritps en bash| habitualmente utilizamos echo para imprimir o mostrar el resultado a través de la terminal. Si es un resultado simple| en principio no hay ningún problema. Los problemas vienen cuando utilizamos comillas dobles| simples| comillas dentro de una variable| etc... para poder previsualizar sin errores| necesitamos dar escape a las comillas. Esto no es del todo simple y puede frustrar. Para solucionar este problema| podemos utilizar printf.,2019-02-08,bash,terminal,,,,,,,,,,23:15,./images-blog/ugeek.png
2 Archivos de configuración| un Emacs,2-archivos-de-configuracion-un-emacs,Como sabéis| podemos utilizar Emacs tanto con interfaz gráfica como vía terminal. La verdad es que utilizo las dos versiones| pero cuando utilizo la versión vía terminal| quiero que sea ligera y muy rápida| pero sin perder cierta personalización como el acceso a los archivos .org| resaltar la sintaxis| corrector ortográfico... Para la interfaz gráfica| dejo la totalidad de paquetes instalados y eso hace que el arranque sea un poquito mas lento| pero con la totalidad de servicios disponibles como elfeed| temas| etc... En este post voy a explicaros como utilizo mis dos archivos de configuración init.el de Emacs| para las dos versiones,2019-02-08,emacs,orgmode,,,,,,,,,,22:25,./images-blog/ugeek.png
Papelera Reciclaje desde la Terminal,papelera-reciclaje-desde-la-terminal,Cuando utilizamos cualquier tipo de escritorio con interfaz gráfica y borramos un archivo| como sabéis| este archivo en realidad no ha sido borrado| sino que ha sido movido a la papelera. Esto no sucede así cuando utilizamos nuestra terminal. Cuando borras el archivo desde la terminal| lo borras para siempre. Hoy os traigo una herramienta que en lugar de hacer *rm* y eliminarlo para siempre| nos va a llevar este archivo a la papelera. Así mismo| mediante una serie de comandos| nos va a permitir el gestionar todo el contenido de nuestra papelera desde la terminal.,2019-02-07,bash,terminal,zsh,,,,,,,,,22:15,./images-blog/papelera.jpg
Instalando una Dokuwiki en 4 pasos,instalando-una-dokuwiki-en-4-pasos,Dokuwiki puede servirnos tanto para tomar nuestras notas| como previsualizar y editar contenido generado por nuestros scripts. En este post os explico como instalar Dokuwiki en tan solo 4 pasos. En este post| doy por hecho que tienes instalado apache2.,2019-02-06,servidor,raspberry,notas,,,,,,,,,17:15,./images-blog/dokuwiki.png
Instalar Docker en Raspberry Pi con Raspbian,instalar-docker-en-raspberry-pi-con-raspbian,En los repositorios de Raspbian| esta disponible el paquete Docker. Aún así| el método de instalación que no te dará errores y funcionará sin ningún problema| es este,2019-02-03,docker,raspberry,raspbian,,,,,,,,,15:15,./images-blog/ugeek.png
OrgMode: Buscar solo en las Cabeceras,orgmode-buscar-solo-en-las-cabeceras,Tomar muchas notas| es muy sencillo| lo complicado es después encontrarlas. Cuando decides el crear un único archivo orgmode para tomar tus notas y este crece de forma desmesurada| empiezas a tener problemas cuando quieres localizar notas que sabes que has tomado| pero mediante una búsqueda sencilla por palabras| aparecen cientos de resultados,2019-02-01,emacs,orgmode,,,,,,,,,,23:45,./images-blog/ugeek.png
Cambiar| mover ruta y contraseña de usuario en tu Raspberry Pi,cambiar--mover-ruta-y-contrasena-de-usuario-en-tu-raspberry-pi,En este artículo| vamos a ver como cambiar el usuario y contraseña así como la ruta del usuario| en nuestra raspberry,2019-02-01,raspberry,raspberry,,,,,,,,,,19:45,./images-blog/ugeek.png
Crear Alias,crear-alias,Para facilitar la introducción de comandos largos y complejos| que son difíciles de recordar o simplemente porque utilizamos comandos repetitivos| utilizaremos los alias. Los alias son una palabra que introduciremos en la terminal y bash lo interpretará como una línea de comando,2019-01-31,bash,terminal,zsh,,,,,,,,,21:45,./images-blog/ugeek.png
Que aparezca en el Prompt en que rama estamos,que-aparezca-en-el-prompt-en-que-rama-estamos,Una vez te familiarizas con git| comienzas a crear ramas y llega un momento en el que vas un poco perdido| sin saber bien donde estás.Es cierto que con un git status| te dice en que tema estas trabajando| pero mucho mejor que te lo informe directamente el prompt. Para hacer esto| sigue estos simples pasos,2019-01-29,bash,terminal,,,,,,,,,,22:15,./images-blog/ugeek.png
Comprimir archivos de forma automatizada en rar a 1.4Gb| para subirlos a Telegram u otra nube pública,comprimir-archivos-de-forma-automatizada-en-rar-para-subirlos-a-telegram-u-otra-nube-publica,Telegram nos proporciona una nube ilimitada... pero con limitaciones. Telegram permite subir archivos que no superen los 1.5Gb y eso puede ser una limitación a subir vídeos domésticos en 4K o incluso alguna distro. Para solucionar este problema| podemos comprimir los archivos en rar y trocearlos,2019-01-29,bash,telegram,,,,,,,,,,21:15,./images-blog/ugeek.png
Crear ramas con Git,crear-ramas-con-git,Todos los repositorios de git| tienen la rama master (este sería el repositorio en producción) Cuando queremos hacer una modificación de un archivo en un repositorio que está en producción| crearemos una rama alternativa con la que podremos trabajar y así no alterar el funcionamiento del repositorio master,2019-01-28,git,git,,,,,,,,,,22:15,./images-blog/ugeek.png
Navegar por el Historial de comandos en Bash,navegar-por-el-historial-de-comandos-en-bash,Hace unas semanas| en el blog de Linuxito| vi este truquillo para navegar por el historial de comandos de nuestra terminal| utilizando las flechas de arriba y abajo. La verdad es que me he vuelto dependiente de este truco y quería compartirlo con vosotros. Igualmente| os recomiendo visitar el blog de Linuxito,2019-01-28,bash,terminal,,,,,,,,,,16:15,./images-blog/ugeek.png
Lee Super rápido en Emacs con Spray,lee-super-rapido-en-emacs-con-spray,No se si recordáis la aplicación Spritz| aquella aplicación que apareció a principios del año 2014 y que sus desarrolladores prometían que podríamos doblar o triplicar la velocidad de lectura. Si eres de aquellos que quieren leer más rápido o te cuesta concentrarte en la lectura de tus orgmode| voy a explicarte como instalarlo en el propio emacs de un modo sencillo.,2019-01-27,emacs,melpa,,,,,,,,,,21:15,./images-blog/ugeek.png
Castero. Podcatcher  ligero para Terminal,castero-podcatcher-ligero-para-terminal,Hay muchas aplicaciones para escuchar podcast| pero ninguna tan ligera como esta. Desarrollada en python| [[https://github.com/xgi/castero][Castero]] nos permite suscribirnos a nuestro podcast favoritos y tanto descargarlos como escucharlos desde la terminal.,2019-01-26,terminal,podcast,bash,,,,,,,,,19:15,./images-blog/castero.png
Paquetes Snap,paquetes-snap,Snap es muy fácil de utilizar desde la terminal. Aquí dejo los comando más utilizados| para consultarlos cada vez que quieras y no olvidarlos. También una breve explicación de donde están los snaps en tu disco y la tienda de aplicaciones. ,2019-01-24,snap,paquetes,,,,,,,,,,14:00,./images-blog/ugeek.png
Antergos. Comandos para terminal y derivadas de Arch Linux,antergos-comandos-para-terminal-y-derivadas-de-arch-linux,Los que venimos de Ubuntu| tenemos problemas al pasar a una dervada de Arch| porque no conocemos bien las instrucciones para actualizar el Sistema Operativo| instalar y demás,2019-01-21,arch,antergos,comandos,terminal,,,,,,,,21:30,./images-blog/ugeek.png
Utilizando Git con la Terminal. GitHub,utilizando-git-con-la-terminal-github,Como siempre os he comentado| utilizar la terminal al principio impresiona| pero hay que reconocer que no hay herramienta más productiva y potente que esta. Vamos a aprovechar que GitHub ha añadido repositorios privados| para utilizar más Git y vía terminal,2019-01-21,git,terminal,github,,,,,,,,,18:30,./images-blog/ugeek.png
Crear el Feed para el podcast en tu Blog con Jekyll,crear-el-feed-para-el-podcast-en-tu-blog-con-jekyll,Voy a explicar en este post| como generar el Feed del podcast de forma automática.,2019-01-21,jekyll,servidor,jekyll,rss,,,,,,,,15:16,./images-blog/ugeek.png
Servidor de Mensajería Matrix para Raspberry. Cliente Riot,servidor-de-mensajeria-matrix-para-raspberry-cliente-riot,Hace algo mas de un mes| estoy utilizando Matrix Synapse| juntamente con el cliente Riot| a través de mi servidor-raspberry de forma totalmente privada y teniendo la totalidad de la gestión del servicio como los usuarios registrados. De momento| no he federado mi servidor| de manera que únicamente podremos comunicarnos los usuarios registrados en este servidor.,2019-01-20,mensajeria,servidor,raspberry,,,,,,,,,16:16,./images-blog/ugeek.png
GPG. Cifrado de archivos simétrico,gpg-cifrado-de-archivos-simetrico,En este post vamos a ver como cifrar simetricamente| con una contraseña| archivos mediante gpg,2019-01-17,seguridad,gpg,nube,servidor,raspberry,,,,,,,19:26,./images-blog/ugeek.png
Ignorar archivos que no queremos que suban a Git,ignorar-archivos-que-no-queremos-que-suban-a-git,Es muy probable que no queramos que suban absolutamente todos nuestros archivos a nuestro repositorio en GitHub| GitLab| etc... Esto tiene un a fácil solución:,2019-01-12,git,git,,,,,,,,,,21:20,./images-blog/ugeek.png
Crear un Blog en GitHub. GitHub Pages,crear-un-blog-en-github.-github-pages,Vamos a utilizar GitHub para publicar un blog| una web estática| incluso podríamos ver archivos formato en markdown,2019-01-08,git,git,servidor,blog,html,,,,,,,21:00,./images-blog/ugeek.png
NextcloudPi. Nextcloud en Raspbian con Docker,nextcloudpi.-nextcloud-en-raspbian-con-docker,Tal como os prometí en el podcast| entro más al detalle con la instalación del Docker oficial de Nextcloud para Raspberry. NextcloudPi,2019-01-06,servidor,docker,nextcloud,,,,,,,,,17:14,./images-blog/ugeek.png
Elimina archivos duplicados con fduples,elimina-archivos-duplicados-con-fduples,fduples es una herramienta que está disponible en los repositorios y nos permite eliminar ficheros duplicados,2019-01-05,terminal,bash,unix,terminal,,,,,,,,14:33,./images-blog/ugeek.png
Crear un Blog en GitLab. GitLab Pages,crear-un-blog-en-gitlab.-gitlab-pages,Crear un blog en GitLab no es una mala decisión| teniendo en cuenta que nos proporciona un hosting totalmente gratuito| a través de las GitLabPages y sin límite de espacio ni tráfico.,2019-01-04,git,gitlab,servidor,blog,html,git,,,,,,11:39,./images-blog/ugeek.png
Con Emacs también podemos editar Markdown,con-emacs-tambien-podemos-editar-markdown,He hablado de como crear tus archivos Org Mode mediante Emacs| pero… ¿Realmente vale la pena invertir tiempo en aprender los atajos de teclado y el funcionamiento de Emacs?,2019-01-03,emacs,emacs,orgmode,markdown,melpa,,,,,,,18:08,./images-blog/ugeek.png
El poder de la terminal y el scripting,el-poder-de-la-terminal-y-el-scripting,Hace más de medio año que los chicos de Slimbook crearon lo que llaman un Centro de divulgación y aprendizaje de GNU/Linux y tecnologías abiertas| Linux Center,2019-01-03,unix,bash,terminal,scrits,,,,,,,,14:36,./images-blog/ugeek.png
Visualiza tus Notas Markdown Versión Web con MkDocs,visualiza-tus-notas-markdown-version-web-con-mkdocs,Voy a explicaros como instalar MkDocs| levantar un servidor y poder ver todas vuestras nota en una interfaz web.,2019-01-03,servidor,servidor,raspberry,markdown,notas,,,,,,,12:05,./images-blog/ugeek.png
Crear listas m3u para minidlna o vlc,crear-listas-m3u-para-minidlna-o-vlc,Un archivo *.m3u*| es un archivo de texto que contiene un listado de archivos multimedia que es muy utilizado por muchos reproductores como vlc...,2019-01-02,bash,bash,grep,ls,unix,servidor,minidlna,multimedia,,,,20:00,./images-blog/ugeek.png
Kde Connect en Ubuntu...,kdeconnect-en-ubuntu,He instalado Kde Connect en Lubuntu y Mint con el escritorio i3. Os detallo como instalarlo paso a paso,2019-01-02,bash,bash,terminal,i3,kdeconnect,ubuntu,,,,,,18:00,./images-blog/ugeek.png
Kde Connect en Emacs,kde-connecte-en-emacs,Por culpa del [[https://www.atareao.es/podcast/integrando-android-con-ubuntu/][Podcast de atareao.es]]| he estado probando Kde Connect y la verdad es que ha pasado a ser una aplicación imprescindible en mi día a día. Tal como explica en su Podcast| existe la posibilidad de utilizarla con Emacs y como podéis imaginar| no me he podido resistir a probarla. Os explico como utilizarla,2018-12-31,emacs,emacs,sincronización,kdeconnect,,,,,,,,22:00,./images-blog/ugeek.png
Eliminar comentarios de nuestros script,eliminar-comentarios-de-nuestros-script,Es muy probable que al crear un script para entender mejor lo que estas haciendo tomes un exceso de notas...,2018-12-30,unix,bash,grep,sed,unix,,,,,,,18:00,./images-blog/ugeek.png
Redirigir el tráfico de una página web a otra,redirigir-el-trafico-de-pagina-web-a-otra,Hay veces que queremos redirigir el tráfico de una página a otra...,2018-12-29,html,html,servidor,,,,,,,,,18:00,./images-blog/ugeek.png
Convertir de Markdown a Org Mode gracias a Pandoc,convertir-de-markdown-a-org-mode-gracias-a-pandoc,Vamos a convertir nuestros archivos Markdown a Org Mode gracias a Pandoc,2018-12-28,emacs,emacs,pandoc,orgmode,markdown,,,,,,,18:05,./images-blog/ugeek.png
Descargar todos los episodios de un Podcast con wget,descargar-todos-los-episodios-de-un-podcast-con-bash,Si estas en esta web probablemente conozcas mi Podcast y quizás te hayas planteado alguna vez si existe un método para descargar todos los Podcast disponibles sin necesidad de hacer uso de un programa sino desde la terminal y con wget.,2018-12-28,terminal,bash,podcast,unix,terminal,,,,,,,10:00,./images-blog/ugeek.png
minidlna,minidlna,DLNA es un servidor multimedia,2018-12-27,servidor,servidor,raspberry,minidlna,multimedia,,,,,,,21:00,./images-blog/dlna.png
Eliminar líneas en Blanco con sed,eliminar-lineas-en-blanco,Como podemos eliminar líneas en Blanco,2018-12-27,unix,bash,unix,terminal,sed,,,,,,,13:22,./images-blog/ugeek.png
